{"height": 25, "version": 2, "timestamp": 1547581269, "width": 80, "env": {"TERM": "xterm-color", "SHELL": "/bin/bash"}}
[0.022655, "o", "[\u001b[33mjmacey\u001b[m@\u001b[31mw11901:~$\u001b[m]"]
[2.278779, "o", "c"]
[2.346657, "o", "d"]
[2.44623, "o", " "]
[3.394942, "o", "/"]
[3.785796, "o", "o"]
[3.873382, "o", "p"]
[4.699047, "o", "t/"]
[5.057665, "o", "p"]
[5.155985, "o", "i"]
[5.369712, "o", "xar/"]
[5.825508, "o", "\r\n"]
[5.825826, "o", "[\u001b[33mjmacey\u001b[m@\u001b[31mw11901:pixar$\u001b[m]"]
[6.056516, "o", "l"]
[6.153511, "o", "s"]
[6.304505, "o", "\r\n"]
[6.308255, "o", "\u001b[0m\u001b[34;42mRenderManForMaya-21.7-maya2018\u001b[0m  \u001b[34;42mRenderManProServer-21.7\u001b[0m  \u001b[01;34mTractor-2.2\u001b[0m\r\n\u001b[01;34mRenderManForMaya-22.0\u001b[0m           \u001b[01;34mRenderManProServer-22.0\u001b[0m\r\n"]
[6.308739, "o", "[\u001b[33mjmacey\u001b[m@\u001b[31mw11901:pixar$\u001b[m]"]
[7.04146, "o", "c"]
[7.121513, "o", "d"]
[7.238318, "o", " "]
[7.513732, "o", "R"]
[7.753667, "o", "e"]
[7.937421, "o", "n"]
[8.10104, "o", "\u0007derMan"]
[8.852075, "o", "P"]
[9.225658, "o", "\u0007roServer-2"]
[10.092247, "o", "2"]
[10.393467, "o", ".0/"]
[11.142246, "o", "\r\n"]
[11.142644, "o", "[\u001b[33mjmacey\u001b[m@\u001b[31mw11901:RenderManProServer-22.0$\u001b[m]"]
[11.766098, "o", "p"]
[11.84158, "o", "w"]
[11.914716, "o", "d"]
[12.353511, "o", "\r\n"]
[12.35377, "o", "/opt/pixar/RenderManProServer-22.0\r\n"]
[12.35399, "o", "[\u001b[33mjmacey\u001b[m@\u001b[31mw11901:RenderManProServer-22.0$\u001b[m]"]
[16.857463, "o", "c"]
[16.9193, "o", "d"]
[17.08063, "o", "\r\n"]
[17.083671, "o", "[\u001b[33mjmacey\u001b[m@\u001b[31mw11901:~$\u001b[m]"]
[17.745599, "o", "v"]
[17.8808, "o", "i"]
[18.351212, "o", " "]
[18.729887, "o", "~"]
[19.060094, "o", "/"]
[19.27285, "o", "."]
[19.577517, "o", "b"]
[19.705434, "o", "a"]
[19.902393, "o", "s"]
[20.042843, "o", "h"]
[20.181156, "o", "r"]
[20.484345, "o", "c "]
[20.945543, "o", "\r\n"]
[20.960505, "o", "\u001b7\u001b[?47h\u001b[?1h\u001b="]
[25.987098, "o", "\u001b[1;25r\u001b[m\u001b[H\u001b[2J\u001b[25;1H\"~/.bashrc\""]
[25.987384, "o", " 34L, 763C"]
[25.987586, "o", "\u001b[1;1Hsource /etc/profile.d/prompt.sh\r\nalias E='/opt/code/bin/code -r'\r\nalias ls='ls --color'\r\nalias ll='ls -al'\r\nalias rm='rm -i'\r\nexport PATH=$PATH:/public/bin/2018:$HOME/scripts\r\nexport PATH=/opt/qt/5.11.1/gcc_64/bin:/opt/qt/Tools/QtCreator/bin:$PATH\r\nexport PYTHONPATH=$PYTHONPATH:$HOME/NGL/lib:/public/devel/2018/lib64/python2.7/ss\u001b[9;1Hite-packages/\u001b[1;1H\u0007\r\n\u001b[1;1H\u0007\u0007"]
[26.167511, "o", "\r\n"]
[26.661127, "o", "\r\n"]
[26.858875, "o", "\r\n"]
[26.999238, "o", "\r\n"]
[27.144736, "o", "\r\n"]
[27.295366, "o", "\r\n"]
[27.432786, "o", "\r\n"]
[27.599262, "o", "\r\n\r\n"]
[27.727404, "o", "\r\n"]
[27.895561, "o", "\r\n"]
[28.592689, "o", "\u001b[11;1H"]
[30.064672, "o", "\u001b[25;1H\u001b[1m-- INSERT --\u001b[m\u001b[25;13H\u001b[K\u001b[11;1H"]
[32.001569, "o", "e"]
[32.016485, "o", "x"]
[32.79152, "o", "p"]
[32.801759, "o", "o"]
[32.802683, "o", "r"]
[32.94476, "o", "t"]
[33.400814, "o", " "]
[34.743434, "o", "R"]
[35.208747, "o", "M"]
[35.408956, "o", "A"]
[35.689762, "o", "N"]
[35.801745, "o", "T"]
[36.038538, "o", "R"]
[36.464785, "o", "E"]
[36.59948, "o", "E"]
[36.959229, "o", "="]
[38.170035, "o", "/opt/pixar/RenderManProServer-22.0"]
[39.448649, "o", "\u001b[12;24r\u001b[12;1H\u001b[L\u001b[1;25r\u001b[12;1H"]
[40.181241, "o", "e"]
[40.431347, "o", "x"]
[40.559608, "o", "p"]
[40.743515, "o", "o"]
[40.857605, "o", "r"]
[41.05536, "o", "t"]
[41.656672, "o", " "]
[41.92089, "o", "P"]
[42.105055, "o", "A"]
[42.385738, "o", "R"]
[43.045378, "o", "\u001b[12;10H\u001b[K\u001b[12;10H"]
[43.38477, "o", "T"]
[44.048801, "o", "G"]
[44.432925, "o", "="]
[44.792825, "o", "\u001b[12;12H\u001b[K\u001b[12;12H"]
[44.96747, "o", "\u001b[12;11H\u001b[K\u001b[12;11H"]
[45.297761, "o", "H"]
[45.575451, "o", "="]
[46.568768, "o", "$"]
[46.751315, "o", "P"]
[46.942483, "o", "A"]
[47.68086, "o", "T"]
[47.945712, "o", "H"]
[48.535586, "o", ":"]
[50.063716, "o", "$"]
[50.413154, "o", "R"]
[50.830501, "o", "M"]
[51.070666, "o", "A"]
[51.214294, "o", "N"]
[51.423758, "o", "T"]
[51.664987, "o", "R"]
[51.953912, "o", "E"]
[52.078653, "o", "E"]
[52.711557, "o", "."]
[53.199462, "o", "\u001b[12;28H\u001b[K\u001b[12;28H"]
[53.503641, "o", "/"]
[53.855604, "o", "b"]
[54.007585, "o", "i"]
[54.095695, "o", "n"]
[54.783767, "o", "\u001b[13;24r\u001b[13;1H\u001b[L\u001b[1;25r\u001b[13;1H"]
[55.113942, "o", "e"]
[55.37555, "o", "x"]
[55.478451, "o", "p"]
[55.679905, "o", "o"]
[55.793754, "o", "r"]
[56.190529, "o", "t"]
[56.511448, "o", " "]
[56.902301, "o", "P"]
[57.073891, "o", "Y"]
[57.271541, "o", "T"]
[57.40777, "o", "H"]
[57.567594, "o", "O"]
[57.703548, "o", "N"]
[58.039704, "o", "P"]
[58.174727, "o", "A"]
[58.705858, "o", "T"]
[58.92667, "o", "H"]
[59.175768, "o", "="]
[60.503658, "o", "$"]
[60.791708, "o", "P"]
[61.047726, "o", "Y"]
[61.24886, "o", "T"]
[61.345806, "o", "H"]
[61.478533, "o", "O"]
[61.631446, "o", "N"]
[61.999438, "o", "P"]
[62.193806, "o", "A"]
[62.885329, "o", "T"]
[63.192856, "o", "H"]
[63.711853, "o", ":"]
[68.004573, "o", "$"]
[68.350409, "o", "R"]
[68.653381, "o", "M"]
[68.767609, "o", "A"]
[68.887615, "o", "N"]
[69.119912, "o", "T"]
[69.337956, "o", "R"]
[69.57569, "o", "E"]
[69.711813, "o", "E"]
[70.015714, "o", "/"]
[70.423621, "o", "b"]
[70.556364, "o", "i"]
[70.638538, "o", "n"]
[71.672781, "o", "\u001b[25;1H\u001b[K\u001b[13;43H"]
[71.951643, "o", "\u001b[25;1H:"]
[72.231748, "o", "w"]
[72.332557, "o", "q"]
[76.209038, "o", "\r"]
[76.212059, "o", "\".bashrc\""]
[76.225699, "o", " 36L, 889C written"]
[76.227026, "o", "\r\r\r\n\u001b[?1l\u001b>\u001b[2J\u001b[?47l\u001b8"]
[76.230759, "o", "[\u001b[33mjmacey\u001b[m@\u001b[31mw11901:~$\u001b[m]"]
[77.422782, "o", "exit\r\n"]
